{
  "App.tsx": 1775841001.628243,
  "babel.config.js": 1775840900.9396594,
  "index.ts": 1775841001.6343915,
  "android/app/src/main/java/com/facilitypro/mobile/MainActivity.kt": 1775844298.207121,
  "android/app/src/main/java/com/facilitypro/mobile/MainApplication.kt": 1775844296.0570924,
  "src/types/hrms.ts": 1775841001.6507914,
  "src/types/guard.ts": 1775841001.6506882,
  "src/types/notifications.ts": 1775841001.6509268,
  "src/types/app.ts": 1775841001.650456,
  "src/types/resident.ts": 1775841001.6511772,
  "src/types/service.ts": 1775841001.6512897,
  "src/types/commerce.ts": 1775841001.65057,
  "src/types/oversight.ts": 1775841001.6510482,
  "src/constants/colors.ts": 1775841001.637595,
  "src/constants/statusColors.ts": 1775841001.6380947,
  "src/constants/shadows.ts": 1775841001.6378312,
  "src/constants/index.ts": 1775841001.6377146,
  "src/constants/typography.ts": 1775841001.6382172,
  "src/constants/spacing.ts": 1775841001.6379468,
  "src/providers/AppProviders.tsx": 1775841001.6430135,
  "src/providers/NotificationProvider.tsx": 1775841001.643117,
  "src/navigation/BuyerNavigator.tsx": 1775875688.3920128,
  "src/navigation/RoleNavigator.tsx": 1775841001.6423266,
  "src/navigation/OnboardingNavigator.tsx": 1775841001.6419027,
  "src/navigation/AppNavigator.tsx": 1775841001.6411543,
  "src/navigation/SupplierNavigator.tsx": 1775875688.3926356,
  "src/navigation/HRMSNavigator.tsx": 1775875688.3928976,
  "src/navigation/types.ts": 1776019442.2888806,
  "src/navigation/ServiceNavigator.tsx": 1775875688.392279,
  "src/navigation/OversightNavigator.tsx": 1775875688.3927681,
  "src/navigation/GuardNavigator.tsx": 1775875688.3915186,
  "src/navigation/AuthNavigator.tsx": 1776019442.2891788,
  "src/navigation/ResidentNavigator.tsx": 1775875688.3932338,
  "src/screens/HomeScreen.tsx": 1775841001.643375,
  "src/screens/app/RoleLandingScreen.tsx": 1775841001.6435535,
  "src/screens/oversight/OversightTicketsScreen.tsx": 1775985951.7226446,
  "src/screens/oversight/OversightAlertsScreen.tsx": 1775986008.5585222,
  "src/screens/oversight/OversightOperationsScreen.tsx": 1775985951.722222,
  "src/screens/oversight/OversightHomeScreen.tsx": 1775841001.6470537,
  "src/screens/auth/BiometricLockScreen.tsx": 1775841001.6437426,
  "src/screens/auth/EmailLoginScreen.tsx": 1776019442.2902458,
  "src/screens/auth/OtpScreen.tsx": 1775875221.9631722,
  "src/screens/auth/LoginScreen.tsx": 1776019442.2896683,
  "src/screens/resident/ResidentApprovalsScreen.tsx": 1776005820.1944115,
  "src/screens/resident/ResidentNotificationsScreen.tsx": 1775841001.6478438,
  "src/screens/resident/ResidentHomeScreen.tsx": 1776005820.1938634,
  "src/screens/hrms/HrmsLeaveScreen.tsx": 1775985411.4879887,
  "src/screens/hrms/HrmsDocumentsScreen.tsx": 1775985418.8609664,
  "src/screens/hrms/HrmsPayslipsScreen.tsx": 1775985411.4883955,
  "src/screens/hrms/HrmsAttendanceScreen.tsx": 1775841001.6456146,
  "src/screens/hrms/HrmsHomeScreen.tsx": 1775841001.6459327,
  "src/screens/supplier/SupplierOrdersScreen.tsx": 1775984179.723974,
  "src/screens/supplier/SupplierHomeScreen.tsx": 1775841001.648818,
  "src/screens/supplier/SupplierBillingScreen.tsx": 1775984179.7245662,
  "src/screens/supplier/SupplierIndentsScreen.tsx": 1775984179.7232735,
  "src/screens/service/ServiceTasksScreen.tsx": 1775987933.1929417,
  "src/screens/service/ServiceMaterialsScreen.tsx": 1775987933.1933656,
  "src/screens/service/ServiceProofScreen.tsx": 1775987933.1938362,
  "src/screens/service/ServiceHomeScreen.tsx": 1775841001.648059,
  "src/screens/guard/GuardVisitorsScreen.tsx": 1776163028.8417132,
  "src/screens/guard/GuardChecklistScreen.tsx": 1776007255.7225394,
  "src/screens/guard/GuardContactsScreen.tsx": 1775993101.0089495,
  "src/screens/guard/GuardHomeScreen.tsx": 1776022788.7482507,
  "src/screens/buyer/BuyerFeedbackScreen.tsx": 1775933453.6621356,
  "src/screens/buyer/BuyerInvoicesScreen.tsx": 1775933453.661664,
  "src/screens/buyer/BuyerHomeScreen.tsx": 1775841001.644366,
  "src/screens/buyer/BuyerRequestsScreen.tsx": 1775933453.6608732,
  "src/screens/onboarding/GeoFenceCalibrationScreen.tsx": 1776022811.2620366,
  "src/screens/onboarding/ProfilePhotoScreen.tsx": 1776022788.7463295,
  "src/screens/onboarding/BiometricSetupScreen.tsx": 1775875688.3934731,
  "src/components/oversight/LiveGuardBoard.tsx": 1775841001.6362784,
  "src/components/shared/FormField.tsx": 1775875183.0661175,
  "src/components/shared/LoadingScreen.tsx": 1775841001.6369824,
  "src/components/shared/ActionButton.tsx": 1775875183.0649936,
  "src/components/shared/InfoCard.tsx": 1775841001.6368685,
  "src/components/shared/RoleBadge.tsx": 1775841001.6372423,
  "src/components/shared/NotificationInboxCard.tsx": 1775841001.6371136,
  "src/components/shared/ScreenShell.tsx": 1775841001.637365,
  "src/components/guard/ProgressBar.tsx": 1775841001.6358957,
  "src/components/guard/StatusChip.tsx": 1775841001.6360533,
  "src/components/guard/MetricCard.tsx": 1775841001.6357625,
  "src/hooks/useSessionTimeout.ts": 1775841001.638781,
  "src/hooks/useAppBootstrap.ts": 1775841001.6385221,
  "src/hooks/useAppTheme.ts": 1775841001.638635,
  "src/lib/mobileBackend.ts": 1776162218.1344874,
  "src/lib/hrms.ts": 1775985411.487053,
  "src/lib/serviceStorage.ts": 1775987933.191606,
  "src/lib/notifications.ts": 1775841001.6401825,
  "src/lib/oversightStorage.ts": 1775985951.720527,
  "src/lib/storage.ts": 1775841001.6406336,
  "src/lib/stagingAutomation.ts": 1776022811.261666,
  "src/lib/guardStorage.ts": 1775993101.0057762,
  "src/lib/location.ts": 1775841001.639632,
  "src/lib/profile.ts": 1775841001.640422,
  "src/lib/biometrics.ts": 1775841001.6391032,
  "src/lib/commerceStorage.ts": 1775930329.2068396,
  "src/lib/supabase.ts": 1775841001.6407814,
  "src/lib/media.ts": 1776022788.7457914,
  "src/lib/auth.ts": 1776019442.2880576,
  "src/lib/notificationStorage.ts": 1775841001.6400208,
  "src/store/useGuardStore.ts": 1776005820.1932092,
  "src/store/useNotificationStore.ts": 1775841001.649805,
  "src/store/useSupplierStore.ts": 1775841001.6502542,
  "src/store/useServiceStore.ts": 1775841001.6500845,
  "src/store/useAppStore.ts": 1775993101.006678,
  "src/store/useOversightStore.ts": 1775841001.6499348,
  "src/store/useBuyerStore.ts": 1775841001.6495273,
  "CLAUDE.md": 1776358136.1473305,
  "docs/superpowers/plans/2026-03-24-p0-gsd-setup.md": 1775841001.6337712,
  "docs/superpowers/specs/2026-03-24-gsd-facilitypro-mobile-design.md": 1775841001.63404,
  "android/app/src/main/res/mipmap-mdpi/ic_launcher.webp": 1775844296.6480188,
  "android/app/src/main/res/mipmap-mdpi/ic_launcher_round.webp": 1775844296.8186224,
  "android/app/src/main/res/mipmap-mdpi/ic_launcher_foreground.webp": 1775844297.0489306,
  "android/app/src/main/res/mipmap-hdpi/ic_launcher.webp": 1775844296.6482995,
  "android/app/src/main/res/mipmap-hdpi/ic_launcher_round.webp": 1775844296.8183615,
  "android/app/src/main/res/mipmap-hdpi/ic_launcher_foreground.webp": 1775844297.0490983,
  "android/app/src/main/res/mipmap-xxxhdpi/ic_launcher.webp": 1775844296.6480374,
  "android/app/src/main/res/mipmap-xxxhdpi/ic_launcher_round.webp": 1775844296.81858,
  "android/app/src/main/res/mipmap-xxxhdpi/ic_launcher_foreground.webp": 1775844297.0491896,
  "android/app/src/main/res/mipmap-xxhdpi/ic_launcher.webp": 1775844296.6480298,
  "android/app/src/main/res/mipmap-xxhdpi/ic_launcher_round.webp": 1775844296.8189125,
  "android/app/src/main/res/mipmap-xxhdpi/ic_launcher_foreground.webp": 1775844297.0489824,
  "android/app/src/main/res/drawable-xhdpi/splashscreen_logo.png": 1775844298.2021565,
  "android/app/src/main/res/drawable-xhdpi/notification_icon.png": 1775844297.191585,
  "android/app/src/main/res/drawable-xxhdpi/splashscreen_logo.png": 1775844298.1836448,
  "android/app/src/main/res/drawable-xxhdpi/notification_icon.png": 1775844297.1896353,
  "android/app/src/main/res/drawable-hdpi/splashscreen_logo.png": 1775844298.202478,